wk1,wk2,wk3,wk4
746.8139918344835,988.5944555806914,1321.2737902399067,1636.030758107026
24.07352901566353,27.01002266841921,42.88923974587662,50.17218354540164
2823792.3543175315,5058175.57664497,8217492.65143182,11179981.370412307
746.8139918344835,988.5944555806914,1321.2737902399067,1636.030758107026
