wk1,wk2,wk3,wk4
1463.6447911660014,1948.6259981426895,2600.721935819737,3225.817540537374
14.328490502163103,20.7763211143018,29.73318880919781,38.343918473701564
5645193.472483988,10114208.539981589,16430667.300169576,22355603.722976625
1463.6447911660014,1948.6259981426895,2600.721935819737,3225.817540537374
