wk1,wk2,wk3,wk4
579.3234357220458,767.8360899044959,1043.4716706155102,1291.1668566314188
24.956167582161186,29.143927314617578,46.411508755316504,56.650013027597396
1931373.1747856305,3478024.60867408,5692711.228208899,7771388.582884744
579.3234357220458,767.8360899044959,1043.4716706155102,1291.1668566314188
