wk1,wk2,wk3,wk4
1505.2218342817152,2096.12676409979,2787.291828900301,3412.0418683127737
14.857336088345098,22.838484535302108,31.964313338894808,40.27013510590216
5498864.110584342,11602212.753824195,17896426.26231645,23904115.794421487
1505.2218342817152,2096.12676409979,2787.291828900301,3412.0418683127737
