wk1,wk2,wk3,wk4
591.2425726375333,819.4052470777676,1111.1051301704408,1356.6123809341452
25.61205419845759,30.65067271054155,49.64169864967515,58.09196555123714
1882322.8689317727,3975253.601357521,6177878.606257535,8285720.162377782
591.2425726375333,819.4052470777676,1111.1051301704408,1356.6123809341452
