wk1,wk2,wk3,wk4
767.9157002828798,1063.33485853364,1416.8035422497717,1729.8196624174727
25.598846849771952,29.047348263391317,46.660796242175266,52.618180052405556
2750664.103655475,5802234.378005297,8950723.355987495,11954316.723447282
767.9157002828798,1063.33485853364,1416.8035422497717,1729.8196624174727
