wk1,wk2,wk3,wk4
581.8668693540636,759.3329466564809,1048.8593447079515,1308.2216380614768
24.321591247837407,30.266810638898633,45.734787588863206,55.91237766434195
1694921.7773125877,3317332.633173639,5334681.676992593,7182257.640659504
581.8668693540636,759.3329466564809,1048.8593447079515,1308.2216380614768
