wk1,wk2,wk3,wk4
749.9251282733622,973.2137733794758,1330.8705881289231,1668.891489947523
22.961516398122495,28.186589592230597,42.40177163705396,51.92753943636423
2465842.611458014,4814856.468202468,7712587.268314678,10344383.763220502
749.9251282733622,973.2137733794758,1330.8705881289231,1668.891489947523
