wk1,wk2,wk3,wk4
1473.366645261642,1912.8630743329002,2615.652378358456,3282.323729979061
14.823486748458008,20.281392754270975,29.32230473717686,38.73138328515146
4929525.554310616,9626970.632582506,15420164.10452093,20683399.12299631
1473.366645261642,1912.8630743329002,2615.652378358456,3282.323729979061
