wk1,wk2,wk3,wk4
26.503117855130505,32.76006164533499,38.327254461799704,52.86289878731254
30.999857428410625,41.07950367823742,46.35466926975491,72.84826716211543
2070.780336970455,3202.185832576344,3245.0841520215085,5452.304620342645
26.503117855130505,32.76006164533499,38.327254461799704,52.86289878731254
