wk1,wk2,wk3,wk4
1489.5117887973838,2077.9098230235863,2852.717384572985,3490.7512897466445
15.04663739048986,23.515144271480253,34.16453138458819,44.50640209705868
5160911.858844969,11010327.159558851,19308507.594439704,25286266.766987965
1489.5117887973838,2077.9098230235863,2852.717384572985,3490.7512897466445
