wk1,wk2,wk3,wk4
1494.4324681698863,2070.5557738936286,2742.3109733218757,3568.3020982191338
14.463009687135665,22.022205162316986,32.21952415914993,43.53484803733898
5327355.103478423,10314630.526179917,15971996.608939474,23107194.03300033
1494.4324681698863,2070.5557738936286,2742.3109733218757,3568.3020982191338
